,period,migration_count,female_migration_count,male_migration_count,ES_global,IS_global,ES_global_female,IS_global_female,ES_global_male,IS_global_male,ES_global_normalized,IS_global_normalized,ES_global_weighted,ES_global_female_weighted,ES_global_male_weighted,IS_global_weighted,IS_global_female_weighted,IS_global_male_weighted
0,1.0,155445,35885,115580,0.9269456196198591,0.9056158001167565,0.9301433501492516,0.9018953176423634,0.9258356820335193,0.9062690968286492,0.9284050566763451,0.9044381903777867,0.8609602794531008,0.8544929532676014,0.8631843951368345,0.8859756522638803,0.8838718946657561,0.8836725012945661
1,2.0,183315,48751,129324,0.9259552299451144,0.9169417247755378,0.9284146891316324,0.914523926470541,0.9250286695298987,0.917582448639995,0.9270162048398012,0.9163650791613875,0.8719553148989327,0.8655909558740568,0.8743099826234032,0.8830155753546856,0.8809845183449208,0.8808184875665203
2,3.0,247253,72370,167780,0.9325519395134919,0.9309026047715192,0.9345625432262228,0.9286707498881748,0.9318416081540857,0.9318052229559279,0.9334396287536761,0.9304850253445073,0.8896703012626542,0.8843822079692994,0.8920847223064251,0.8916896298505473,0.8899239728382501,0.8906451663908722
3,4.0,302685,93761,200110,0.940730657617806,0.9365440412754368,0.9421391680815778,0.935096279128479,0.9401266175324126,0.9372822688264046,0.9414037885124937,0.9364669505191983,0.8973549965418243,0.8924997059102738,0.8994798640328173,0.9029637139156309,0.9005400099106087,0.9026036817717598
