,period,migration_count,female_migration_count,male_migration_count,migrant_count,female_migrant_count,male_migrant_count,all_period,female_period,male_period,gender_ratio_migration,gender_ratio_migrant,gender_ratio_all
0,1.0,155445,35885,115580,124189,29161,91684,2431637,684169,1538775,0.31047759127876795,0.3180598577723485,0.4446192588260142
1,2.0,183315,48751,129324,155245,41717,108958,3477348,1052801,2063423,0.3769679255203984,0.3828722994181244,0.5102206382307457
2,3.0,247253,72370,167780,208408,61699,140594,4775088,1531803,2712570,0.4313386577661223,0.43884518542754314,0.5647054269567237
3,4.0,302685,93761,200110,254104,79370,167182,5236562,1705969,2954493,0.46854729898555797,0.47475206661004177,0.5774151436473195
